Campanha,Status de veiculação,Resultados,Alcance,Impressões,Custo por resultado,Classificação de qualidade,Valor usado (BRL),Frequência,Cliques no link,CPC (custo por clique no link),Cliques no link únicos,CTR único (taxa de cliques no link),Custo por clique único (todos),Cadastros,Custo por cadastro,Início dos relatórios,Término dos relatórios
SAUDE-PME-10%-DESCONTO-1,active,47.0,1471501,4847553,2044.6,–,96096.02,3.29429134,12347.0,7.78294484,12024.0,0.81712483,5.77083954,,,2023-06-01,2023-11-30
SAUDE-PME-10%-DESCONTO-2,active,37.0,1334060,4063362,2243.11,–,82995.15,3.04586151,10506.0,7.89978584,10296.0,0.77177938,5.84308293,,,2023-06-01,2023-11-30
SAUDE-PME-10%-DESCONTO-3,active,11.0,548172,988049,2635.9,Na média,28994.9,1.80244339,3325.0,8.72027068,3206.0,0.58485293,7.2378682,,,2023-06-01,2023-11-30
SAUDE-PME-10%-DESCONTO-4,active,11.0,238057,396574,919.01,Na média,10109.06,1.66587834,1254.0,8.06145136,1231.0,0.51710305,5.84676692,,,2023-06-01,2023-11-30
SAUDE-PME-10%-DESCONTO-5,active,6.0,328125,739359,2023.88,–,12143.28,2.25328457,1701.0,7.13890653,1665.0,0.50742857,5.25683117,,,2023-06-01,2023-11-30
SAUDE-PME-10%-DESCONTO-6,active,3.0,108917,162224,1117.21,Na média,3351.62,1.48942773,507.0,6.61069034,500.0,0.45906516,5.34548644,,,2023-06-01,2023-11-30
SAUDE-PME-10%-DESCONTO-7,active,1.0,61048,86764,1595.2,Na média,1595.2,1.4212423,272.0,5.86470588,268.0,0.43899882,4.37041096,,,2023-06-01,2023-11-30
SAUDE-PME-10%-DESCONTO-8,active,4.0,14107,44832,239.4,–,957.59,3.17799674,140.0,6.83992857,132.0,0.93570568,4.96160622,,,2023-06-01,2023-11-30
SAUDE-PME-10%-DESCONTO-9,active,,6920,14727,,Na média,380.62,2.12817919,57.0,6.67754386,55.0,0.79479769,5.14351351,,,2023-06-01,2023-11-30
SAUDE-PME-10%-DESCONTO-10,active,,5325,10177,,Na média,220.36,1.91117371,26.0,8.47538462,26.0,0.48826291,5.37463415,,,2023-06-01,2023-11-30
SAUDE-PME-SUPER-MES-1,inactive,753.0,1178882,3081577,63.24,–,47619.23,2.61398257,5736.0,8.30181834,5522.0,0.4684099,5.48735077,52.0,915.75442308,2023-06-01,2023-11-30
SAUDE-PME-SUPER-MES-2,not_delivering,592.0,1089286,2520328,63.97,–,37868.76,2.31374313,4567.0,8.29182395,4428.0,0.40650481,5.38980359,38.0,996.54631579,2023-06-01,2023-11-30
SAUDE-PME-SUPER-MES-3,inactive,239.0,633350,1085102,62.25,–,14878.74,1.71327386,1477.0,10.07362221,1449.0,0.22878345,6.63636931,19.0,783.09157895,2023-06-01,2023-11-30
SAUDE-PME-SUPER-MES-4,inactive,221.0,587649,906034,66.53,–,14703.97,1.54179451,1403.0,10.48037776,1384.0,0.23551474,7.47152947,10.0,1470.397,2023-06-01,2023-11-30
SAUDE-PME-SUPER-MES-5,inactive,152.0,304644,487705,56.45,–,8580.36,1.60090138,985.0,8.71102538,966.0,0.31709142,6.2676114,14.0,612.88285714,2023-06-01,2023-11-30
SAUDE-PME-SUPER-MES-6,inactive,78.0,164193,230499,57.49,–,4483.84,1.40382964,462.0,9.70528139,452.0,0.27528579,7.16268371,11.0,407.62181818,2023-06-01,2023-11-30
SAUDE-PME-SUPER-MES-7,inactive,47.0,146338,194592,59.3,–,2787.32,1.32974347,310.0,8.99135484,309.0,0.211155,6.32045351,3.0,929.10666667,2023-06-01,2023-11-30
SAUDE-PME-SUPER-MES-8,not_delivering,9.0,19348,73544,130.01,–,1170.11,3.80111639,184.0,6.35929348,179.0,0.92516022,3.76241158,,,2023-06-01,2023-11-30
SAUDE-PME-SUPER-MES-9,inactive,4.0,8359,16540,66.9,–,267.59,1.97870559,41.0,6.52658537,40.0,0.47852614,4.95537037,,,2023-06-01,2023-11-30
SAUDE-PME-SUPER-MES-10,inactive,1.0,7335,14354,218.02,–,218.02,1.95691888,26.0,8.38538462,26.0,0.35446489,3.82491228,,,2023-06-01,2023-11-30
SAUDE-PME-1,inactive,934.0,586560,1345947,31.96,–,29845.98,2.29464505,3524.0,8.46934733,3416.0,0.58237861,5.29747604,1.0,29845.98,2023-06-01,2023-11-30
SAUDE-PME-2,not_delivering,672.0,522896,1078309,33.16,–,22283.32,2.06218636,2708.0,8.22870015,2625.0,0.50201187,5.06208996,1.0,22283.32,2023-06-01,2023-11-30
SAUDE-PME-3,inactive,78.0,101200,149744,38.52,–,3004.92,1.47968379,330.0,9.10581818,322.0,0.31818182,5.82348837,1.0,3004.92,2023-06-01,2023-11-30
SAUDE-PME-4,inactive,9.0,7640,8994,24.56,–,221.02,1.17722513,22.0,10.04636364,21.0,0.27486911,5.97351351,,,2023-06-01,2023-11-30
SAUDE-PME-5,not_delivering,219.0,139077,267638,34.53,–,7562.66,1.92438721,816.0,9.26796569,787.0,0.56587358,5.90832812,,,2023-06-01,2023-11-30
SAUDE-PME-6,inactive,30.0,27417,37561,30.9,–,927.1,1.36998942,111.0,8.35225225,106.0,0.38662144,6.02012987,,,2023-06-01,2023-11-30
SAUDE-PME-7,inactive,1.0,1443,1794,44.33,–,44.33,1.24324324,6.0,7.38833333,6.0,0.41580042,5.54125,,,2023-06-01,2023-11-30
SAUDE-PME-8,inactive,1.0,0,0,0.0,–,0.0,0.0,,,,,,,,2023-06-01,2023-11-30
SAUDE-PME-9,inactive,1.0,0,0,0.0,–,0.0,0.0,,,,,,,,2023-06-01,2023-11-30
SAUDE-PME-10,inactive,4.0,0,0,0.0,–,0.0,0.0,,,,,,,,2023-06-01,2023-11-30
SAUDE-PME-11,inactive,1.0,0,0,0.0,–,0.0,0.0,,,,,,,,2023-06-01,2023-11-30
SAUDE-PME-12,inactive,38.0,0,0,0.0,–,0.0,0.0,,,,,,,,2023-06-01,2023-11-30
SAUDE-PME-13,inactive,1.0,0,0,0.0,–,0.0,0.0,,,,,,,,2023-06-01,2023-11-30
SAUDE-PME-14,inactive,14.0,0,0,0.0,–,0.0,0.0,,,,,,,,2023-06-01,2023-11-30
2023-JUNHO-1,completed,2859013.0,2859013,13014716,8.79,–,25125.13,4.55217098,4653.0,5.39977004,4653.0,0.16274847,1.56037325,,,2023-06-01,2023-11-30
2023-JUNHO-2,completed,1519381.0,1519381,1541370,2.04,–,3100.0,1.01447234,252.0,12.3015873,251.0,0.01651989,3.52673493,,,2023-06-01,2023-11-30
2023-JUNHO-3,inactive,1519381.0,1519381,1541370,2.04,–,3100.0,1.01447234,252.0,12.3015873,251.0,0.01651989,3.52673493,,,2023-06-01,2023-11-30
2023-JUNHO-4,completed,857088.0,857088,870197,2.57,–,2200.0,1.01529481,191.0,11.51832461,190.0,0.02216809,4.11985019,,,2023-06-01,2023-11-30
2023-JUNHO-5,inactive,857088.0,857088,870197,2.57,–,2200.0,1.01529481,191.0,11.51832461,190.0,0.02216809,4.11985019,,,2023-06-01,2023-11-30
2023-JUNHO-6,completed,836244.0,836244,847233,2.39,–,2000.0,1.0131409,643.0,3.11041991,643.0,0.07689143,2.3923445,,,2023-06-01,2023-11-30
2023-JUNHO-7,inactive,836244.0,836244,847233,2.39,–,2000.0,1.0131409,643.0,3.11041991,643.0,0.07689143,2.3923445,,,2023-06-01,2023-11-30
2023-JUNHO-8,completed,791534.0,791534,791534,2.15,–,1700.0,1.0,260.0,6.53846154,254.0,0.03208959,2.88624788,,,2023-06-01,2023-11-30
2023-JUNHO-9,inactive,791534.0,791534,791534,2.15,–,1700.0,1.0,260.0,6.53846154,254.0,0.03208959,2.88624788,,,2023-06-01,2023-11-30
2023-JUNHO-10,completed,795405.0,795405,797410,1.66,–,1320.0,1.00252073,252.0,5.23809524,250.0,0.03143053,2.48120301,,,2023-06-01,2023-11-30
2023-JUNHO-11,inactive,795405.0,795405,797410,1.66,–,1320.0,1.00252073,252.0,5.23809524,250.0,0.03143053,2.48120301,,,2023-06-01,2023-11-30
2023-JUNHO-12,completed,724855.0,724855,729014,1.82,–,1320.0,1.0057377,494.0,2.67206478,493.0,0.0680136,2.05607477,,,2023-06-01,2023-11-30
2023-JUNHO-13,inactive,724855.0,724855,729014,1.82,–,1320.0,1.0057377,494.0,2.67206478,493.0,0.0680136,2.05607477,,,2023-06-01,2023-11-30
2023-JUNHO-14,completed,607267.0,607267,607267,1.98,–,1200.0,1.0,160.0,7.5,160.0,0.02634755,2.83687943,,,2023-06-01,2023-11-30
2023-JUNHO-15,inactive,607267.0,607267,607267,1.98,–,1200.0,1.0,160.0,7.5,160.0,0.02634755,2.83687943,,,2023-06-01,2023-11-30
2023-JUNHO-16,completed,358017.0,358017,359480,2.85,–,1020.0,1.0040864,186.0,5.48387097,184.0,0.05139421,2.46973366,,,2023-06-01,2023-11-30
2023-JUNHO-17,inactive,358017.0,358017,359480,2.85,–,1020.0,1.0040864,186.0,5.48387097,184.0,0.05139421,2.46973366,,,2023-06-01,2023-11-30
2023-JUNHO-18,completed,642690.0,642690,645149,1.56,–,1000.0,1.00382611,386.0,2.59067358,386.0,0.06006006,1.84501845,,,2023-06-01,2023-11-30
2023-JUNHO-19,inactive,642690.0,642690,645149,1.56,–,1000.0,1.00382611,386.0,2.59067358,386.0,0.06006006,1.84501845,,,2023-06-01,2023-11-30
2023-JUNHO-20,completed,707878.0,707878,707878,1.34,–,950.0,1.0,460.0,2.06521739,459.0,0.06484168,1.43721634,,,2023-06-01,2023-11-30
2023-JUNHO-21,inactive,707878.0,707878,707878,1.34,–,950.0,1.0,460.0,2.06521739,459.0,0.06484168,1.43721634,,,2023-06-01,2023-11-30
2023-JUNHO-22,completed,646454.0,646454,646454,1.47,–,950.0,1.0,769.0,1.23537061,765.0,0.11833789,1.03485839,,,2023-06-01,2023-11-30
2023-JUNHO-23,inactive,646454.0,646454,646454,1.47,–,950.0,1.0,769.0,1.23537061,765.0,0.11833789,1.03485839,,,2023-06-01,2023-11-30
2023-JUNHO-24,completed,571651.0,571651,572116,1.57,–,900.0,1.00081343,351.0,2.56410256,351.0,0.0614011,1.93548387,,,2023-06-01,2023-11-30
2023-JUNHO-25,inactive,571651.0,571651,572116,1.57,–,900.0,1.00081343,351.0,2.56410256,351.0,0.0614011,1.93548387,,,2023-06-01,2023-11-30
2023-JUNHO-26,completed,366649.0,366649,380946,2.09,–,765.0,1.0389937,1.0,765.0,1.0,0.00027274,0.72374645,,,2023-06-01,2023-11-30
2023-JUNHO-27,inactive,366649.0,366649,380946,2.09,–,765.0,1.0389937,1.0,765.0,1.0,0.00027274,0.72374645,,,2023-06-01,2023-11-30
2023-JUNHO-28,completed,231744.0,231744,235644,2.59,–,600.0,1.01682891,6.0,100.0,6.0,0.00258906,1.22199593,,,2023-06-01,2023-11-30
2023-JUNHO-29,inactive,231744.0,231744,235644,2.59,–,600.0,1.01682891,6.0,100.0,6.0,0.00258906,1.22199593,,,2023-06-01,2023-11-30
2023-JUNHO-30,completed,313920.0,313920,326994,1.91,–,600.0,1.04164755,3.0,200.0,3.0,0.00095566,0.98199673,,,2023-06-01,2023-11-30
2023-JUNHO-31,inactive,313920.0,313920,326994,1.91,–,600.0,1.04164755,3.0,200.0,3.0,0.00095566,0.98199673,,,2023-06-01,2023-11-30
2023-JUNHO-32,completed,319355.0,319355,319677,1.88,–,600.0,1.00100828,76.0,7.89473684,76.0,0.02379797,3.20855615,,,2023-06-01,2023-11-30
2023-JUNHO-33,inactive,319355.0,319355,319677,1.88,–,600.0,1.00100828,76.0,7.89473684,76.0,0.02379797,3.20855615,,,2023-06-01,2023-11-30
2023-JUNHO-34,completed,398657.0,398657,402174,1.36,–,543.05,1.00882212,85.0,6.38882353,85.0,0.02132159,2.58595238,,,2023-06-01,2023-11-30
2023-JUNHO-35,inactive,398657.0,398657,402174,1.36,–,543.05,1.00882212,85.0,6.38882353,85.0,0.02132159,2.58595238,,,2023-06-01,2023-11-30
2023-JUNHO-36,completed,221245.0,221245,222531,2.44,–,540.0,1.00581256,1.0,540.0,1.0,0.00045199,1.25290023,,,2023-06-01,2023-11-30
2023-JUNHO-37,inactive,221245.0,221245,222531,2.44,–,540.0,1.00581256,1.0,540.0,1.0,0.00045199,1.25290023,,,2023-06-01,2023-11-30
2023-JUNHO-38,completed,252225.0,252225,260349,2.14,–,540.0,1.03220934,,,,,0.8723748,,,2023-06-01,2023-11-30
2023-JUNHO-39,inactive,252225.0,252225,260349,2.14,–,540.0,1.03220934,,,,,0.8723748,,,2023-06-01,2023-11-30
2023-JUNHO-40,completed,340736.0,340736,346726,1.41,–,480.0,1.01757959,3.0,160.0,3.0,0.00088045,0.28503563,,,2023-06-01,2023-11-30
2023-JUNHO-41,inactive,340736.0,340736,346726,1.41,–,480.0,1.01757959,3.0,160.0,3.0,0.00088045,0.28503563,,,2023-06-01,2023-11-30
2023-JUNHO-42,completed,221120.0,221120,225987,2.17,–,480.0,1.02201067,3.0,160.0,3.0,0.00135673,0.94117647,,,2023-06-01,2023-11-30
2023-JUNHO-43,inactive,221120.0,221120,225987,2.17,–,480.0,1.02201067,3.0,160.0,3.0,0.00135673,0.94117647,,,2023-06-01,2023-11-30
2023-JUNHO-44,completed,218557.0,218557,224591,2.16,–,471.0,1.02760836,1.0,471.0,1.0,0.00045755,0.73136646,,,2023-06-01,2023-11-30
2023-JUNHO-45,inactive,218557.0,218557,224591,2.16,–,471.0,1.02760836,1.0,471.0,1.0,0.00045755,0.73136646,,,2023-06-01,2023-11-30
2023-JUNHO-46,completed,219583.0,219583,219808,2.14,–,471.0,1.00102467,1.0,471.0,1.0,0.00045541,0.8579235,,,2023-06-01,2023-11-30
2023-JUNHO-47,inactive,219583.0,219583,219808,2.14,–,471.0,1.00102467,1.0,471.0,1.0,0.00045541,0.8579235,,,2023-06-01,2023-11-30
2023-JUNHO-48,completed,347968.0,347968,354559,1.35,–,471.0,1.0189414,,,,,0.46449704,,,2023-06-01,2023-11-30
2023-JUNHO-49,inactive,347968.0,347968,354559,1.35,–,471.0,1.0189414,,,,,0.46449704,,,2023-06-01,2023-11-30
2023-JUNHO-50,completed,234941.0,234941,241136,1.99,–,468.0,1.02636832,28.0,16.71428571,28.0,0.01191789,0.87640449,,,2023-06-01,2023-11-30
2023-JUNHO-51,inactive,234941.0,234941,241136,1.99,–,468.0,1.02636832,28.0,16.71428571,28.0,0.01191789,0.87640449,,,2023-06-01,2023-11-30
2023-JUNHO-52,completed,138492.0,138492,138492,3.15,–,436.08,1.0,41.0,10.63609756,41.0,0.0296046,4.5425,,,2023-06-01,2023-11-30
2023-JUNHO-53,inactive,138492.0,138492,138492,3.15,–,436.08,1.0,41.0,10.63609756,41.0,0.0296046,4.5425,,,2023-06-01,2023-11-30
SAUDE-PME-10%-DESCONTO-11,inactive,32771.0,1141141,4720640,0.68,–,22365.31,4.13677188,32771.0,0.68247261,30832.0,2.70185718,0.62167306,,,2023-06-01,2023-11-30
SAUDE-PME-10%-DESCONTO-12,inactive,25691.0,958382,3717681,0.58,–,14868.34,3.87912231,25691.0,0.5787373,24712.0,2.57851253,0.52754542,,,2023-06-01,2023-11-30
SAUDE-PME-10%-DESCONTO-13,inactive,9632.0,458617,1283934,0.62,Na média,5962.87,2.79957786,9632.0,0.61906873,9308.0,2.02958024,0.59355664,,,2023-06-01,2023-11-30
SAUDE-PME-10%-DESCONTO-14,inactive,5009.0,328506,728728,0.59,Na média,2970.6,2.21830956,5009.0,0.59305251,4860.0,1.47942503,0.54646799,,,2023-06-01,2023-11-30
SAUDE-PME-10%-DESCONTO-15,not_delivering,6830.0,298523,958581,1.06,–,7210.22,3.21107921,6830.0,1.05566911,6536.0,2.18944604,0.9293916,,,2023-06-01,2023-11-30
SAUDE-PME-10%-DESCONTO-16,inactive,2554.0,127964,262526,1.11,Abaixo da média – 35% mais baixos dos anúncios,2827.08,2.05156138,2554.0,1.10692247,2512.0,1.96305211,1.05606276,,,2023-06-01,2023-11-30
SAUDE-PME-10%-DESCONTO-17,inactive,706.0,46581,77320,0.94,Na média,662.77,1.65990425,706.0,0.93876771,694.0,1.48987785,0.88487316,,,2023-06-01,2023-11-30
SAUDE-PME-10%-DESCONTO-18,not_delivering,250.0,11463,44378,1.15,–,286.75,3.87141237,250.0,1.147,230.0,2.00645555,0.99912892,,,2023-06-01,2023-11-30
SAUDE-PME-10%-DESCONTO-19,inactive,86.0,5138,11367,1.14,Na média,98.24,2.21233943,86.0,1.14232558,81.0,1.57648891,1.07956044,,,2023-06-01,2023-11-30
SAUDE-PME-10%-DESCONTO-20,inactive,28.0,2210,4167,1.13,Na média,31.76,1.88552036,28.0,1.13428571,27.0,1.22171946,1.02451613,,,2023-06-01,2023-11-30
SAUDE-PME-SUPER-MES-11,inactive,30843.0,630927,4249955,0.48,–,14696.49,6.7360487,30843.0,0.47649353,28272.0,4.48102554,0.44591571,109.0,134.83018349,2023-06-01,2023-11-30
SAUDE-PME-SUPER-MES-12,not_delivering,27560.0,606097,3799185,0.48,–,13155.42,6.26827884,27560.0,0.47733745,25280.0,4.17094953,0.44469526,99.0,132.8830303,2023-06-01,2023-11-30
SAUDE-PME-SUPER-MES-13,inactive,6987.0,149678,692176,0.48,Na média,3337.71,4.62443378,6987.0,0.47770288,6856.0,4.58049947,0.45110285,,,2023-06-01,2023-11-30
SAUDE-PME-SUPER-MES-14,inactive,2689.0,85443,314319,0.5,Na média,1333.47,3.67869808,2689.0,0.4958981,2651.0,3.10265323,0.46788421,,,2023-06-01,2023-11-30
SAUDE-PME-SUPER-MES-15,not_delivering,3216.0,81172,442895,0.47,–,1516.6,5.45625339,3216.0,0.4715796,3056.0,3.76484502,0.4424154,9.0,168.51111111,2023-06-01,2023-11-30
SAUDE-PME-SUPER-MES-16,inactive,905.0,20342,84778,0.48,Na média,438.25,4.16763347,905.0,0.48425414,890.0,4.37518435,0.45794148,,,2023-06-01,2023-11-30
SAUDE-PME-SUPER-MES-17,inactive,160.0,4085,11480,0.39,–,62.95,2.81028152,160.0,0.3934375,157.0,3.84332925,0.37694611,,,2023-06-01,2023-11-30
SAUDE-PME-SUPER-MES-18,not_delivering,67.0,1685,7875,0.37,–,24.47,4.6735905,67.0,0.36522388,57.0,3.38278932,0.40114754,1.0,24.47,2023-06-01,2023-11-30
SAUDE-PME-SUPER-MES-19,inactive,1.0,38,68,0.33,–,0.33,1.78947368,1.0,0.33,1.0,2.63157895,0.33,,,2023-06-01,2023-11-30
SAUDE-PME-SUPER-MES-20,inactive,,35,45,,–,0.2,1.28571429,,,,,,,,2023-06-01,2023-11-30
SAUDE-PME-15,inactive,117.0,57436,699019,100.31,–,11736.33,12.17039836,2178.0,5.38858127,1797.0,3.12869977,4.27708819,9.0,1304.03666667,2023-06-01,2023-11-30
SAUDE-PME-16,not_delivering,117.0,57436,699019,100.31,–,11736.33,12.17039836,2178.0,5.38858127,1797.0,3.12869977,4.27708819,9.0,1304.03666667,2023-06-01,2023-11-30
2023-AGOSTO-1,completed,1671683.0,1671683,5529820,5.41,–,9040.0,3.30793577,2288.0,3.95104895,2277.0,0.13621004,1.22642789,,,2023-06-01,2023-11-30
2023-AGOSTO-2,completed,581886.0,581886,583375,1.72,–,1000.0,1.00255892,199.0,5.02512563,195.0,0.03351172,2.57731959,,,2023-06-01,2023-11-30
2023-AGOSTO-3,inactive,581886.0,581886,583375,1.72,–,1000.0,1.00255892,199.0,5.02512563,195.0,0.03351172,2.57731959,,,2023-06-01,2023-11-30
2023-AGOSTO-4,completed,581761.0,581761,595943,1.72,–,1000.0,1.02437771,577.0,1.73310225,576.0,0.09900973,1.42857143,,,2023-06-01,2023-11-30
2023-AGOSTO-5,inactive,581761.0,581761,595943,1.72,–,1000.0,1.02437771,577.0,1.73310225,576.0,0.09900973,1.42857143,,,2023-06-01,2023-11-30
2023-AGOSTO-6,completed,344837.0,344837,356193,1.74,–,600.0,1.0329315,1.0,600.0,1.0,0.00028999,0.56710775,,,2023-06-01,2023-11-30
2023-AGOSTO-7,inactive,344837.0,344837,356193,1.74,–,600.0,1.0329315,1.0,600.0,1.0,0.00028999,0.56710775,,,2023-06-01,2023-11-30
2023-AGOSTO-8,completed,240516.0,240516,249527,2.25,–,540.0,1.03746528,1.0,540.0,1.0,0.00041577,0.84507042,,,2023-06-01,2023-11-30
2023-AGOSTO-9,inactive,240516.0,240516,249527,2.25,–,540.0,1.03746528,1.0,540.0,1.0,0.00041577,0.84507042,,,2023-06-01,2023-11-30
2023-AGOSTO-10,completed,385989.0,385989,394556,1.4,–,540.0,1.02219493,301.0,1.79401993,301.0,0.0779815,1.36363636,,,2023-06-01,2023-11-30
2023-AGOSTO-11,inactive,385989.0,385989,394556,1.4,–,540.0,1.02219493,301.0,1.79401993,301.0,0.0779815,1.36363636,,,2023-06-01,2023-11-30
2023-AGOSTO-12,completed,270847.0,270847,281801,1.85,–,500.0,1.0404435,3.0,166.66666667,3.0,0.00110764,0.66489362,,,2023-06-01,2023-11-30
2023-AGOSTO-13,inactive,270847.0,270847,281801,1.85,–,500.0,1.0404435,3.0,166.66666667,3.0,0.00110764,0.66489362,,,2023-06-01,2023-11-30
2023-AGOSTO-14,completed,148097.0,148097,153169,3.38,–,500.0,1.03424782,19.0,26.31578947,19.0,0.01282943,9.09090909,,,2023-06-01,2023-11-30
2023-AGOSTO-15,inactive,148097.0,148097,153169,3.38,–,500.0,1.03424782,19.0,26.31578947,19.0,0.01282943,9.09090909,,,2023-06-01,2023-11-30
2023-AGOSTO-16,completed,173406.0,173406,177632,2.88,–,500.0,1.02437055,27.0,18.51851852,26.0,0.01499371,6.66666667,,,2023-06-01,2023-11-30
2023-AGOSTO-17,inactive,173406.0,173406,177632,2.88,–,500.0,1.02437055,27.0,18.51851852,26.0,0.01499371,6.66666667,,,2023-06-01,2023-11-30
2023-AGOSTO-18,completed,355456.0,355456,360684,1.41,–,500.0,1.01470787,277.0,1.80505415,277.0,0.07792807,1.44092219,,,2023-06-01,2023-11-30
2023-AGOSTO-19,inactive,355456.0,355456,360684,1.41,–,500.0,1.01470787,277.0,1.80505415,277.0,0.07792807,1.44092219,,,2023-06-01,2023-11-30
2023-AGOSTO-20,completed,321152.0,321152,333339,1.56,–,500.0,1.03794776,231.0,2.16450216,231.0,0.07192856,1.77304965,,,2023-06-01,2023-11-30
2023-AGOSTO-21,inactive,321152.0,321152,333339,1.56,–,500.0,1.03794776,231.0,2.16450216,231.0,0.07192856,1.77304965,,,2023-06-01,2023-11-30
2023-AGOSTO-22,completed,432129.0,432129,439387,1.16,–,500.0,1.01679591,254.0,1.96850394,252.0,0.05831592,1.44927536,,,2023-06-01,2023-11-30
2023-AGOSTO-23,inactive,432129.0,432129,439387,1.16,–,500.0,1.01679591,254.0,1.96850394,252.0,0.05831592,1.44927536,,,2023-06-01,2023-11-30
2023-AGOSTO-24,completed,264512.0,264512,271216,1.51,–,400.0,1.02534479,144.0,2.77777778,144.0,0.05443987,2.25988701,,,2023-06-01,2023-11-30
2023-AGOSTO-25,inactive,264512.0,264512,271216,1.51,–,400.0,1.02534479,144.0,2.77777778,144.0,0.05443987,2.25988701,,,2023-06-01,2023-11-30
2023-AGOSTO-26,completed,194593.0,194593,203814,1.85,–,360.0,1.04738608,3.0,120.0,3.0,0.00154168,0.96,,,2023-06-01,2023-11-30
2023-AGOSTO-27,inactive,194593.0,194593,203814,1.85,–,360.0,1.04738608,3.0,120.0,3.0,0.00154168,0.96,,,2023-06-01,2023-11-30
2023-AGOSTO-28,completed,162560.0,162560,167708,1.85,–,300.0,1.03166831,,,,,0.77319588,,,2023-06-01,2023-11-30
2023-AGOSTO-29,inactive,162560.0,162560,167708,1.85,–,300.0,1.03166831,,,,,0.77319588,,,2023-06-01,2023-11-30
2023-AGOSTO-30,completed,207743.0,207743,213095,1.44,–,300.0,1.0257626,,,,,0.50083472,,,2023-06-01,2023-11-30
2023-AGOSTO-31,inactive,207743.0,207743,213095,1.44,–,300.0,1.0257626,,,,,0.50083472,,,2023-06-01,2023-11-30
2023-AGOSTO-32,completed,156736.0,156736,162938,1.91,–,300.0,1.03956972,,,,,0.99667774,,,2023-06-01,2023-11-30
2023-AGOSTO-33,inactive,156736.0,156736,162938,1.91,–,300.0,1.03956972,,,,,0.99667774,,,2023-06-01,2023-11-30
2023-AGOSTO-34,completed,268992.0,268992,269639,1.12,–,300.0,1.00240528,177.0,1.69491525,177.0,0.06580121,1.31578947,,,2023-06-01,2023-11-30
2023-AGOSTO-35,inactive,268992.0,268992,269639,1.12,–,300.0,1.00240528,177.0,1.69491525,177.0,0.06580121,1.31578947,,,2023-06-01,2023-11-30
2023-AGOSTO-36,completed,179999.0,179999,181750,1.11,–,200.0,1.00972783,74.0,2.7027027,74.0,0.04111134,2.10526316,,,2023-06-01,2023-11-30
2023-AGOSTO-37,inactive,179999.0,179999,181750,1.11,–,200.0,1.00972783,74.0,2.7027027,74.0,0.04111134,2.10526316,,,2023-06-01,2023-11-30
2023-AGOSTO-38,completed,131039.0,131039,134054,1.53,–,200.0,1.02300842,,,,,0.70422535,,,2023-06-01,2023-11-30
2023-AGOSTO-39,inactive,131039.0,131039,134054,1.53,–,200.0,1.02300842,,,,,0.70422535,,,2023-06-01,2023-11-30
2023-OUTUBRO-1,completed,1536683.0,1536683,4307784,5.86,–,8999.86,2.80330036,2392.0,3.76248328,2374.0,0.1544886,1.35580898,,,2023-06-01,2023-11-30
2023-OUTUBRO-2,completed,282301.0,282301,287183,3.54,–,1000.0,1.0172936,396.0,2.52525253,393.0,0.13921311,1.94174757,,,2023-06-01,2023-11-30
2023-OUTUBRO-3,inactive,282301.0,282301,287183,3.54,Abaixo da média – 10% mais baixos dos anúncios,1000.0,1.0172936,396.0,2.52525253,393.0,0.13921311,1.94174757,,,2023-06-01,2023-11-30
2023-OUTUBRO-4,completed,486902.0,486902,493350,2.05,–,1000.0,1.01324291,292.0,3.42465753,291.0,0.05976562,2.43309002,,,2023-06-01,2023-11-30
2023-OUTUBRO-5,inactive,486902.0,486902,493350,2.05,Acima da média,1000.0,1.01324291,292.0,3.42465753,291.0,0.05976562,2.43309002,,,2023-06-01,2023-11-30
2023-OUTUBRO-6,completed,355390.0,355390,360244,1.69,–,600.0,1.01365823,199.0,3.01507538,199.0,0.05599482,2.0979021,,,2023-06-01,2023-11-30
2023-OUTUBRO-7,inactive,355390.0,355390,360244,1.69,–,600.0,1.01365823,199.0,3.01507538,199.0,0.05599482,2.0979021,,,2023-06-01,2023-11-30
2023-OUTUBRO-8,completed,337024.0,337024,345394,1.78,–,600.0,1.02483503,227.0,2.64317181,225.0,0.06676082,2.0,,,2023-06-01,2023-11-30
2023-OUTUBRO-9,inactive,337024.0,337024,345394,1.78,–,600.0,1.02483503,227.0,2.64317181,225.0,0.06676082,2.0,,,2023-06-01,2023-11-30
2023-OUTUBRO-10,completed,252435.0,252435,263659,2.38,–,600.0,1.04446293,,,,,0.96774194,,,2023-06-01,2023-11-30
2023-OUTUBRO-11,inactive,252435.0,252435,263659,2.38,–,600.0,1.04446293,,,,,0.96774194,,,2023-06-01,2023-11-30
2023-OUTUBRO-12,completed,150048.0,150048,150218,3.33,–,500.0,1.00113297,100.0,5.0,99.0,0.06597889,3.4965035,,,2023-06-01,2023-11-30
2023-OUTUBRO-13,inactive,150048.0,150048,150218,3.33,–,500.0,1.00113297,100.0,5.0,99.0,0.06597889,3.4965035,,,2023-06-01,2023-11-30
2023-OUTUBRO-14,completed,289922.0,289922,294414,1.72,–,500.0,1.01549382,143.0,3.4965035,143.0,0.04932361,2.34741784,,,2023-06-01,2023-11-30
2023-OUTUBRO-15,inactive,289922.0,289922,294414,1.72,–,500.0,1.01549382,143.0,3.4965035,143.0,0.04932361,2.34741784,,,2023-06-01,2023-11-30
2023-OUTUBRO-16,completed,292158.0,292158,295051,1.71,–,500.0,1.00990218,176.0,2.84090909,176.0,0.06024138,2.12765957,,,2023-06-01,2023-11-30
2023-OUTUBRO-17,inactive,292158.0,292158,295051,1.71,–,500.0,1.00990218,176.0,2.84090909,176.0,0.06024138,2.12765957,,,2023-06-01,2023-11-30
2023-OUTUBRO-18,completed,152508.0,152508,154022,3.28,–,500.0,1.00992735,144.0,3.47222222,143.0,0.09376557,2.65957447,,,2023-06-01,2023-11-30
2023-OUTUBRO-19,inactive,152508.0,152508,154022,3.28,–,500.0,1.00992735,144.0,3.47222222,143.0,0.09376557,2.65957447,,,2023-06-01,2023-11-30
2023-OUTUBRO-20,completed,275853.0,275853,279691,1.74,–,479.86,1.01391321,1.0,479.86,1.0,0.00036251,0.53317778,,,2023-06-01,2023-11-30
2023-OUTUBRO-21,inactive,275853.0,275853,279691,1.74,–,479.86,1.01391321,1.0,479.86,1.0,0.00036251,0.53317778,,,2023-06-01,2023-11-30
2023-OUTUBRO-22,completed,162081.0,162081,165482,2.59,–,420.0,1.02098334,,,,,1.06329114,,,2023-06-01,2023-11-30
2023-OUTUBRO-23,inactive,162081.0,162081,165482,2.59,–,420.0,1.02098334,,,,,1.06329114,,,2023-06-01,2023-11-30
2023-OUTUBRO-24,completed,126872.0,126872,131506,2.36,–,300.0,1.036525,2.0,150.0,2.0,0.00157639,0.61601643,,,2023-06-01,2023-11-30
2023-OUTUBRO-25,inactive,126872.0,126872,131506,2.36,–,300.0,1.036525,2.0,150.0,2.0,0.00157639,0.61601643,,,2023-06-01,2023-11-30
2023-OUTUBRO-26,completed,133093.0,133093,136796,2.25,–,300.0,1.02782265,21.0,14.28571429,21.0,0.01577844,1.01351351,,,2023-06-01,2023-11-30
2023-OUTUBRO-27,inactive,133093.0,133093,136796,2.25,–,300.0,1.02782265,21.0,14.28571429,21.0,0.01577844,1.01351351,,,2023-06-01,2023-11-30
2023-OUTUBRO-28,completed,157695.0,157695,159869,1.9,–,300.0,1.01378611,79.0,3.79746835,79.0,0.05009671,1.92307692,,,2023-06-01,2023-11-30
2023-OUTUBRO-29,inactive,157695.0,157695,159869,1.9,–,300.0,1.01378611,79.0,3.79746835,79.0,0.05009671,1.92307692,,,2023-06-01,2023-11-30
2023-OUTUBRO-30,completed,163316.0,163316,170220,1.84,–,300.0,1.04227387,60.0,5.0,58.0,0.03551397,0.72815534,,,2023-06-01,2023-11-30
2023-OUTUBRO-31,inactive,163316.0,163316,170220,1.84,–,300.0,1.04227387,60.0,5.0,58.0,0.03551397,0.72815534,,,2023-06-01,2023-11-30
2023-OUTUBRO-32,completed,153120.0,153120,155576,1.96,–,300.0,1.01603971,94.0,3.19148936,93.0,0.06073668,2.0,,,2023-06-01,2023-11-30
2023-OUTUBRO-33,inactive,153120.0,153120,155576,1.96,–,300.0,1.01603971,94.0,3.19148936,93.0,0.06073668,2.0,,,2023-06-01,2023-11-30
2023-OUTUBRO-34,completed,177747.0,177747,184569,1.69,–,300.0,1.03838039,258.0,1.1627907,255.0,0.14346234,0.6147541,,,2023-06-01,2023-11-30
2023-OUTUBRO-35,inactive,177747.0,177747,184569,1.69,–,300.0,1.03838039,258.0,1.1627907,255.0,0.14346234,0.6147541,,,2023-06-01,2023-11-30
2023-OUTUBRO-36,completed,159635.0,159635,162467,1.88,–,300.0,1.01774047,200.0,1.5,199.0,0.12465938,0.8,,,2023-06-01,2023-11-30
2023-OUTUBRO-37,inactive,159635.0,159635,162467,1.88,–,300.0,1.01774047,200.0,1.5,199.0,0.12465938,0.8,,,2023-06-01,2023-11-30
2023-OUTUBRO-38,completed,115158.0,115158,118073,1.74,–,200.0,1.02531305,,,,,0.57142857,,,2023-06-01,2023-11-30
2023-OUTUBRO-39,inactive,115158.0,115158,118073,1.74,–,200.0,1.02531305,,,,,0.57142857,,,2023-06-01,2023-11-30
2023-JUNHO-54,completed,558966.0,674175,1302922,0.01,–,7039.0,1.9326169,735.0,9.57687075,722.0,0.10709386,0.50981386,,,2023-06-01,2023-11-30
2023-JUNHO-55,completed,143569.0,237441,294601,0.01,–,880.0,1.24073349,230.0,3.82608696,230.0,0.09686617,2.30971129,,,2023-06-01,2023-11-30
2023-JUNHO-56,inactive,143569.0,237441,294601,0.01,–,880.0,1.24073349,230.0,3.82608696,230.0,0.09686617,2.30971129,,,2023-06-01,2023-11-30
2023-JUNHO-57,completed,78474.0,118527,146583,0.01,–,800.0,1.23670556,187.0,4.27807487,186.0,0.15692627,2.5974026,,,2023-06-01,2023-11-30
2023-JUNHO-58,inactive,78474.0,118527,146583,0.01,–,800.0,1.23670556,187.0,4.27807487,186.0,0.15692627,2.5974026,,,2023-06-01,2023-11-30
2023-JUNHO-59,completed,41740.0,94656,132555,0.02,–,800.0,1.40038666,1.0,800.0,1.0,0.00105646,8.33333333,,,2023-06-01,2023-11-30
2023-JUNHO-60,inactive,41740.0,94656,132555,0.02,–,800.0,1.40038666,1.0,800.0,1.0,0.00105646,8.33333333,,,2023-06-01,2023-11-30
2023-JUNHO-61,completed,52275.0,104864,128649,0.01,–,680.0,1.22681759,155.0,4.38709677,149.0,0.1420888,2.0668693,,,2023-06-01,2023-11-30
2023-JUNHO-62,inactive,52275.0,104864,128649,0.01,–,680.0,1.22681759,155.0,4.38709677,149.0,0.1420888,2.0668693,,,2023-06-01,2023-11-30
2023-JUNHO-63,completed,38819.0,56992,90115,0.01,–,459.0,1.58118683,3.0,153.0,3.0,0.0052639,0.29161372,,,2023-06-01,2023-11-30
2023-JUNHO-64,inactive,38819.0,56992,90115,0.01,–,459.0,1.58118683,3.0,153.0,3.0,0.0052639,0.29161372,,,2023-06-01,2023-11-30
2023-JUNHO-65,completed,44034.0,87120,99876,0.01,–,400.0,1.14641873,,,,,6.89655172,,,2023-06-01,2023-11-30
2023-JUNHO-66,inactive,44034.0,87120,99876,0.01,–,400.0,1.14641873,,,,,6.89655172,,,2023-06-01,2023-11-30
2023-JUNHO-67,completed,42556.0,79181,86715,0.01,–,400.0,1.09514909,110.0,3.63636364,108.0,0.13639636,2.09424084,,,2023-06-01,2023-11-30
2023-JUNHO-68,inactive,42556.0,79181,86715,0.01,–,400.0,1.09514909,110.0,3.63636364,108.0,0.13639636,2.09424084,,,2023-06-01,2023-11-30
2023-JUNHO-69,completed,1940.0,15084,22448,0.19,–,360.0,1.48819942,1.0,360.0,1.0,0.00662954,0.17910448,,,2023-06-01,2023-11-30
2023-JUNHO-70,inactive,1940.0,15084,22448,0.19,–,360.0,1.48819942,1.0,360.0,1.0,0.00662954,0.17910448,,,2023-06-01,2023-11-30
2023-JUNHO-71,completed,24925.0,45280,55900,0.01,–,360.0,1.23454064,1.0,360.0,1.0,0.00220848,0.24623803,,,2023-06-01,2023-11-30
2023-JUNHO-72,inactive,24925.0,45280,55900,0.01,–,360.0,1.23454064,1.0,360.0,1.0,0.00220848,0.24623803,,,2023-06-01,2023-11-30
2023-JUNHO-73,completed,53109.0,105184,129248,0.01,–,320.0,1.22878004,14.0,22.85714286,12.0,0.01140858,0.08861811,,,2023-06-01,2023-11-30
2023-JUNHO-74,inactive,53109.0,105184,129248,0.01,–,320.0,1.22878004,14.0,22.85714286,12.0,0.01140858,0.08861811,,,2023-06-01,2023-11-30
2023-JUNHO-75,completed,1234.0,6262,9398,0.26,–,320.0,1.50079847,,,,,0.24150943,,,2023-06-01,2023-11-30
2023-JUNHO-76,inactive,1234.0,6262,9398,0.26,–,320.0,1.50079847,,,,,0.24150943,,,2023-06-01,2023-11-30
2023-JUNHO-77,completed,31246.0,53122,57139,0.01,–,320.0,1.07561839,,,,,9.14285714,,,2023-06-01,2023-11-30
2023-JUNHO-78,inactive,31246.0,53122,57139,0.01,–,320.0,1.07561839,,,,,9.14285714,,,2023-06-01,2023-11-30
2023-JUNHO-79,completed,1882.0,13096,18499,0.17,–,314.0,1.41256872,1.0,314.0,1.0,0.00763592,0.14995224,,,2023-06-01,2023-11-30
2023-JUNHO-80,inactive,1882.0,13096,18499,0.17,–,314.0,1.41256872,1.0,314.0,1.0,0.00763592,0.14995224,,,2023-06-01,2023-11-30
2023-JUNHO-81,completed,1704.0,14356,17655,0.18,–,314.0,1.22979939,2.0,157.0,2.0,0.01393146,0.16773504,,,2023-06-01,2023-11-30
2023-JUNHO-82,inactive,1704.0,14356,17655,0.18,–,314.0,1.22979939,2.0,157.0,2.0,0.01393146,0.16773504,,,2023-06-01,2023-11-30
2023-JUNHO-83,completed,1459.0,9154,13541,0.21,–,312.0,1.47924405,30.0,10.4,29.0,0.3168014,0.20233463,,,2023-06-01,2023-11-30
2023-JUNHO-84,inactive,1459.0,9154,13541,0.21,–,312.0,1.47924405,30.0,10.4,29.0,0.3168014,0.20233463,,,2023-06-01,2023-11-30
2023-NOVEMBRO-1,completed,1413380.0,1413380,3049212,4.23,–,5980.0,2.15739009,1248.0,4.79166667,1241.0,0.0878037,1.23045267,,,2023-06-01,2023-11-30
2023-NOVEMBRO-2,completed,724542.0,724542,724542,2.07,–,1500.0,1.0,536.0,2.79850746,535.0,0.07383975,2.21565731,,,2023-06-01,2023-11-30
2023-NOVEMBRO-3,inactive,724542.0,724542,724542,2.07,Acima da média,1500.0,1.0,536.0,2.79850746,535.0,0.07383975,2.21565731,,,2023-06-01,2023-11-30
2023-NOVEMBRO-4,completed,372280.0,372280,383602,2.15,–,800.0,1.03041259,2.0,400.0,2.0,0.00053723,0.78354554,,,2023-06-01,2023-11-30
2023-NOVEMBRO-5,inactive,372280.0,372280,383602,2.15,–,800.0,1.03041259,2.0,400.0,2.0,0.00053723,0.78354554,,,2023-06-01,2023-11-30
2023-NOVEMBRO-6,completed,285035.0,285035,299830,2.11,–,600.0,1.05190591,3.0,200.0,3.0,0.0010525,0.90634441,,,2023-06-01,2023-11-30
2023-NOVEMBRO-7,inactive,285035.0,285035,299830,2.11,–,600.0,1.05190591,3.0,200.0,3.0,0.0010525,0.90634441,,,2023-06-01,2023-11-30
2023-NOVEMBRO-8,completed,239527.0,239527,248305,2.5,–,600.0,1.03664723,35.0,17.14285714,35.0,0.01461213,1.16731518,,,2023-06-01,2023-11-30
2023-NOVEMBRO-9,inactive,239527.0,239527,248305,2.5,–,600.0,1.03664723,35.0,17.14285714,35.0,0.01461213,1.16731518,,,2023-06-01,2023-11-30
2023-NOVEMBRO-10,completed,380627.0,380627,380627,1.58,–,600.0,1.0,256.0,2.34375,254.0,0.066732,1.8404908,,,2023-06-01,2023-11-30
2023-NOVEMBRO-11,inactive,380627.0,380627,380627,1.58,Acima da média,600.0,1.0,256.0,2.34375,254.0,0.066732,1.8404908,,,2023-06-01,2023-11-30
2023-NOVEMBRO-12,completed,303432.0,303432,303432,1.65,–,500.0,1.0,197.0,2.53807107,197.0,0.06492394,2.10084034,,,2023-06-01,2023-11-30
2023-NOVEMBRO-13,inactive,303432.0,303432,303432,1.65,Na média,500.0,1.0,197.0,2.53807107,197.0,0.06492394,2.10084034,,,2023-06-01,2023-11-30
2023-NOVEMBRO-14,completed,201754.0,201754,206644,2.38,–,480.0,1.02423744,80.0,6.0,80.0,0.03965225,1.15107914,,,2023-06-01,2023-11-30
2023-NOVEMBRO-15,inactive,201754.0,201754,206644,2.38,–,480.0,1.02423744,80.0,6.0,80.0,0.03965225,1.15107914,,,2023-06-01,2023-11-30
2023-NOVEMBRO-16,completed,159448.0,159448,162172,1.88,–,300.0,1.01708394,61.0,4.91803279,59.0,0.03700266,0.94339623,,,2023-06-01,2023-11-30
2023-NOVEMBRO-17,inactive,159448.0,159448,162172,1.88,–,300.0,1.01708394,61.0,4.91803279,59.0,0.03700266,0.94339623,,,2023-06-01,2023-11-30
2023-NOVEMBRO-18,completed,131348.0,131348,133156,2.28,–,300.0,1.01376496,,,,,1.53061224,,,2023-06-01,2023-11-30
2023-NOVEMBRO-19,inactive,131348.0,131348,133156,2.28,–,300.0,1.01376496,,,,,1.53061224,,,2023-06-01,2023-11-30
2023-NOVEMBRO-20,completed,203783.0,203783,206902,1.47,–,300.0,1.0153055,78.0,3.84615385,77.0,0.03778529,0.58365759,,,2023-06-01,2023-11-30
2023-NOVEMBRO-21,inactive,203783.0,203783,206902,1.47,–,300.0,1.0153055,78.0,3.84615385,77.0,0.03778529,0.58365759,,,2023-06-01,2023-11-30
2023-JULHO-1,completed,1305352.0,1305352,2711900,3.4,–,4434.05,2.07752392,1190.0,3.72609244,1185.0,0.09078011,1.05976338,,,2023-06-01,2023-11-30
2023-JULHO-2,completed,725344.0,725344,725344,1.38,–,1000.0,1.0,401.0,2.49376559,399.0,0.05500838,1.73611111,,,2023-06-01,2023-11-30
2023-JULHO-3,inactive,725344.0,725344,725344,1.38,–,1000.0,1.0,401.0,2.49376559,399.0,0.05500838,1.73611111,,,2023-06-01,2023-11-30
2023-JULHO-4,completed,341312.0,341312,346115,2.34,–,800.0,1.01407217,206.0,3.88349515,205.0,0.06006235,1.74672489,,,2023-06-01,2023-11-30
2023-JULHO-5,inactive,341312.0,341312,346115,2.34,–,800.0,1.01407217,206.0,3.88349515,205.0,0.06006235,1.74672489,,,2023-06-01,2023-11-30
2023-JULHO-6,completed,522892.0,522892,522892,1.34,–,700.0,1.0,313.0,2.23642173,312.0,0.05966815,1.59090909,,,2023-06-01,2023-11-30
2023-JULHO-7,inactive,522892.0,522892,522892,1.34,–,700.0,1.0,313.0,2.23642173,312.0,0.05966815,1.59090909,,,2023-06-01,2023-11-30
2023-JULHO-8,completed,290685.0,290685,297489,1.65,–,480.0,1.02340678,,,,,0.54919908,,,2023-06-01,2023-11-30
2023-JULHO-9,inactive,290685.0,290685,297489,1.65,–,480.0,1.02340678,,,,,0.54919908,,,2023-06-01,2023-11-30
2023-JULHO-10,completed,236417.0,236417,246915,1.84,–,434.05,1.04440459,,,,,0.59786501,,,2023-06-01,2023-11-30
2023-JULHO-11,inactive,236417.0,236417,246915,1.84,–,434.05,1.04440459,,,,,0.59786501,,,2023-06-01,2023-11-30
2023-JULHO-12,completed,195359.0,195359,201201,2.15,–,420.0,1.02990392,2.0,210.0,2.0,0.00102376,0.62593145,,,2023-06-01,2023-11-30
2023-JULHO-13,inactive,195359.0,195359,201201,2.15,–,420.0,1.02990392,2.0,210.0,2.0,0.00102376,0.62593145,,,2023-06-01,2023-11-30
2023-JULHO-14,completed,188127.0,188127,188844,2.13,–,400.0,1.00381126,116.0,3.44827586,116.0,0.06166047,1.52091255,,,2023-06-01,2023-11-30
2023-JULHO-15,inactive,188127.0,188127,188844,2.13,–,400.0,1.00381126,116.0,3.44827586,116.0,0.06166047,1.52091255,,,2023-06-01,2023-11-30
2023-JULHO-16,completed,180419.0,180419,183100,1.11,–,200.0,1.01485985,152.0,1.31578947,152.0,0.08424833,1.05820106,,,2023-06-01,2023-11-30
2023-JULHO-17,inactive,180419.0,180419,183100,1.11,–,200.0,1.01485985,152.0,1.31578947,152.0,0.08424833,1.05820106,,,2023-06-01,2023-11-30
2023-SETEMBRO-1,completed,1173470.0,1173470,2929894,3.66,–,4300.0,2.49677793,1400.0,3.07142857,1394.0,0.11879298,1.59200296,,,2023-06-01,2023-11-30
2023-SETEMBRO-2,completed,395522.0,395522,404995,1.26,–,500.0,1.02395063,226.0,2.21238938,225.0,0.05688685,1.77935943,,,2023-06-01,2023-11-30
2023-SETEMBRO-3,inactive,395522.0,395522,404995,1.26,–,500.0,1.02395063,226.0,2.21238938,225.0,0.05688685,1.77935943,,,2023-06-01,2023-11-30
2023-SETEMBRO-4,completed,376769.0,376769,378257,1.33,–,500.0,1.00394937,218.0,2.29357798,218.0,0.05786039,1.70068027,,,2023-06-01,2023-11-30
2023-SETEMBRO-5,inactive,376769.0,376769,378257,1.33,–,500.0,1.00394937,218.0,2.29357798,218.0,0.05786039,1.70068027,,,2023-06-01,2023-11-30
2023-SETEMBRO-6,completed,281856.0,281856,292028,1.77,–,500.0,1.03608935,289.0,1.73010381,286.0,0.10147025,1.07526882,,,2023-06-01,2023-11-30
2023-SETEMBRO-7,inactive,281856.0,281856,292028,1.77,–,500.0,1.03608935,289.0,1.73010381,286.0,0.10147025,1.07526882,,,2023-06-01,2023-11-30
2023-SETEMBRO-8,completed,330420.0,330420,330420,1.51,–,500.0,1.0,173.0,2.89017341,173.0,0.05235761,2.25225225,,,2023-06-01,2023-11-30
2023-SETEMBRO-9,inactive,330420.0,330420,330420,1.51,–,500.0,1.0,173.0,2.89017341,173.0,0.05235761,2.25225225,,,2023-06-01,2023-11-30
2023-SETEMBRO-10,completed,255355.0,255355,265531,1.96,–,500.0,1.0398504,170.0,2.94117647,169.0,0.06618237,2.29357798,,,2023-06-01,2023-11-30
2023-SETEMBRO-11,inactive,255355.0,255355,265531,1.96,–,500.0,1.0398504,170.0,2.94117647,169.0,0.06618237,2.29357798,,,2023-06-01,2023-11-30
2023-SETEMBRO-12,completed,185308.0,185308,185308,2.16,–,400.0,1.0,118.0,3.38983051,118.0,0.06367777,2.56410256,,,2023-06-01,2023-11-30
2023-SETEMBRO-13,inactive,185308.0,185308,185308,2.16,–,400.0,1.0,118.0,3.38983051,118.0,0.06367777,2.56410256,,,2023-06-01,2023-11-30
2023-SETEMBRO-14,completed,239491.0,239491,239491,1.25,–,300.0,1.0,36.0,8.33333333,36.0,0.01503188,3.0,,,2023-06-01,2023-11-30
2023-SETEMBRO-15,inactive,239491.0,239491,239491,1.25,–,300.0,1.0,36.0,8.33333333,36.0,0.01503188,3.0,,,2023-06-01,2023-11-30
2023-SETEMBRO-16,completed,235122.0,235122,244712,1.28,–,300.0,1.04078734,,,,,0.47169811,,,2023-06-01,2023-11-30
2023-SETEMBRO-17,inactive,235122.0,235122,244712,1.28,–,300.0,1.04078734,,,,,0.47169811,,,2023-06-01,2023-11-30
2023-SETEMBRO-18,completed,183721.0,183721,183721,1.63,–,300.0,1.0,95.0,3.15789474,95.0,0.05170884,2.45901639,,,2023-06-01,2023-11-30
2023-SETEMBRO-19,inactive,183721.0,183721,183721,1.63,–,300.0,1.0,95.0,3.15789474,95.0,0.05170884,2.45901639,,,2023-06-01,2023-11-30
2023-SETEMBRO-20,completed,231415.0,231415,231415,1.3,–,300.0,1.0,75.0,4.0,75.0,0.03240931,1.72413793,,,2023-06-01,2023-11-30
2023-SETEMBRO-21,inactive,231415.0,231415,231415,1.3,–,300.0,1.0,75.0,4.0,75.0,0.03240931,1.72413793,,,2023-06-01,2023-11-30
2023-SETEMBRO-22,completed,174016.0,174016,174016,1.15,–,200.0,1.0,,,,,5.88235294,,,2023-06-01,2023-11-30
2023-SETEMBRO-23,inactive,174016.0,174016,174016,1.15,–,200.0,1.0,,,,,5.88235294,,,2023-06-01,2023-11-30
2023-OUTUBRO-40,completed,81988.0,164265,276729,0.03,–,2399.95,1.6846498,1430.0,1.67828671,1375.0,0.83706206,0.24721364,,,2023-06-01,2023-11-30
2023-OUTUBRO-41,completed,2168.0,21619,27817,0.18,–,400.0,1.28669226,32.0,12.5,31.0,0.14339239,0.16934801,,,2023-06-01,2023-11-30
2023-OUTUBRO-42,inactive,2168.0,21619,27817,0.18,Acima da média,400.0,1.28669226,32.0,12.5,31.0,0.14339239,0.16934801,,,2023-06-01,2023-11-30
2023-OUTUBRO-43,completed,2132.0,25032,29555,0.19,–,400.0,1.18068872,3.0,133.33333333,3.0,0.01198466,0.18281536,,,2023-06-01,2023-11-30
2023-OUTUBRO-44,inactive,2132.0,25032,29555,0.19,Na média,400.0,1.18068872,3.0,133.33333333,3.0,0.01198466,0.18281536,,,2023-06-01,2023-11-30
2023-OUTUBRO-45,completed,2263.0,19736,27034,0.14,–,319.98,1.36978111,1.0,319.98,1.0,0.00506688,0.12383127,,,2023-06-01,2023-11-30
2023-OUTUBRO-46,inactive,2263.0,19736,27034,0.14,Acima da média,319.98,1.36978111,1.0,319.98,1.0,0.00506688,0.12383127,,,2023-06-01,2023-11-30
2023-OUTUBRO-47,completed,1376.0,12165,15224,0.2,–,280.0,1.2514591,,,,,0.19704433,,,2023-06-01,2023-11-30
2023-OUTUBRO-48,inactive,1376.0,12165,15224,0.2,Na média,280.0,1.2514591,,,,,0.19704433,,,2023-06-01,2023-11-30
2023-OUTUBRO-49,completed,24181.0,45252,61045,0.01,–,200.0,1.34900115,807.0,0.24783147,787.0,1.73914965,0.1242236,,,2023-06-01,2023-11-30
2023-OUTUBRO-50,inactive,24181.0,45252,61045,0.01,–,200.0,1.34900115,807.0,0.24783147,787.0,1.73914965,0.1242236,,,2023-06-01,2023-11-30
2023-OUTUBRO-51,completed,18403.0,32436,45218,0.01,–,200.0,1.39406832,457.0,0.43763676,440.0,1.35651745,0.21645022,,,2023-06-01,2023-11-30
2023-OUTUBRO-52,inactive,18403.0,32436,45218,0.01,–,200.0,1.39406832,457.0,0.43763676,440.0,1.35651745,0.21645022,,,2023-06-01,2023-11-30
2023-OUTUBRO-53,completed,1285.0,9469,13632,0.16,–,200.0,1.43964516,17.0,11.76470588,16.0,0.16897244,0.12944984,,,2023-06-01,2023-11-30
2023-OUTUBRO-54,inactive,1285.0,9469,13632,0.16,–,200.0,1.43964516,17.0,11.76470588,16.0,0.16897244,0.12944984,,,2023-06-01,2023-11-30
2023-OUTUBRO-55,completed,16327.0,25223,28754,0.01,–,199.99,1.13999128,63.0,3.17444444,61.0,0.24184276,1.98009901,,,2023-06-01,2023-11-30
2023-OUTUBRO-56,inactive,16327.0,25223,28754,0.01,–,199.99,1.13999128,63.0,3.17444444,61.0,0.24184276,1.98009901,,,2023-06-01,2023-11-30
2023-OUTUBRO-57,completed,13853.0,24688,28450,0.01,–,199.98,1.15238172,50.0,3.9996,49.0,0.19847699,2.35270588,,,2023-06-01,2023-11-30
2023-OUTUBRO-58,inactive,13853.0,24688,28450,0.01,–,199.98,1.15238172,50.0,3.9996,49.0,0.19847699,2.35270588,,,2023-06-01,2023-11-30
2023-AGOSTO-40,completed,194330.0,224001,443947,0.01,–,2160.0,1.9818974,282.0,7.65957447,278.0,0.12410659,0.28272251,,,2023-06-01,2023-11-30
2023-AGOSTO-41,completed,36097.0,77361,97642,0.01,–,400.0,1.26216052,,,,,0.18289895,,,2023-06-01,2023-11-30
2023-AGOSTO-42,inactive,36097.0,77361,97642,0.01,–,400.0,1.26216052,,,,,0.18289895,,,2023-06-01,2023-11-30
2023-AGOSTO-43,completed,28795.0,57216,64816,0.01,–,360.0,1.13282998,194.0,1.8556701,192.0,0.33557047,1.24567474,,,2023-06-01,2023-11-30
2023-AGOSTO-44,inactive,28795.0,57216,64816,0.01,–,360.0,1.13282998,194.0,1.8556701,192.0,0.33557047,1.24567474,,,2023-06-01,2023-11-30
2023-AGOSTO-45,completed,30583.0,51040,70204,0.01,–,360.0,1.37547022,,,,,0.24064171,,,2023-06-01,2023-11-30
2023-AGOSTO-46,inactive,30583.0,51040,70204,0.01,–,360.0,1.37547022,,,,,0.24064171,,,2023-06-01,2023-11-30
2023-AGOSTO-47,completed,1458.0,6198,9466,0.16,–,240.0,1.52726686,2.0,120.0,2.0,0.03226847,0.16551724,,,2023-06-01,2023-11-30
2023-AGOSTO-48,inactive,1458.0,6198,9466,0.16,–,240.0,1.52726686,2.0,120.0,2.0,0.03226847,0.16551724,,,2023-06-01,2023-11-30
2023-AGOSTO-49,completed,38389.0,54849,62920,0.01,–,200.0,1.14714945,84.0,2.38095238,83.0,0.15132455,1.53846154,,,2023-06-01,2023-11-30
2023-AGOSTO-50,inactive,38389.0,54849,62920,0.01,–,200.0,1.14714945,84.0,2.38095238,83.0,0.15132455,1.53846154,,,2023-06-01,2023-11-30
2023-AGOSTO-51,completed,10902.0,16904,34191,0.02,–,200.0,2.02265736,,,,,0.5988024,,,2023-06-01,2023-11-30
2023-AGOSTO-52,inactive,10902.0,16904,34191,0.02,–,200.0,2.02265736,,,,,0.5988024,,,2023-06-01,2023-11-30
2023-AGOSTO-53,completed,32101.0,45776,70846,0.01,–,200.0,1.5476669,2.0,100.0,2.0,0.0043691,0.12507817,,,2023-06-01,2023-11-30
2023-AGOSTO-54,inactive,32101.0,45776,70846,0.01,–,200.0,1.5476669,2.0,100.0,2.0,0.0043691,0.12507817,,,2023-06-01,2023-11-30
2023-AGOSTO-55,completed,16005.0,20540,33862,0.01,–,200.0,1.64858812,,,,,0.28490028,,,2023-06-01,2023-11-30
2023-AGOSTO-56,inactive,16005.0,20540,33862,0.01,–,200.0,1.64858812,,,,,0.28490028,,,2023-06-01,2023-11-30
2023-NOVEMBRO-22,completed,35304.0,91440,178997,0.05,–,1720.0,1.957535,130.0,13.23076923,130.0,0.14216973,0.31002163,,,2023-06-01,2023-11-30
2023-NOVEMBRO-23,completed,2799.0,29772,40041,0.14,–,400.0,1.3449214,22.0,18.18181818,22.0,0.07389493,0.15564202,,,2023-06-01,2023-11-30
2023-NOVEMBRO-24,inactive,2799.0,29772,40041,0.14,Na média,400.0,1.3449214,22.0,18.18181818,22.0,0.07389493,0.15564202,,,2023-06-01,2023-11-30
2023-NOVEMBRO-25,completed,27223.0,46368,91401,0.01,–,400.0,1.97120859,22.0,18.18181818,22.0,0.04744651,1.68776371,,,2023-06-01,2023-11-30
2023-NOVEMBRO-26,inactive,27223.0,46368,91401,0.01,Acima da média,400.0,1.97120859,22.0,18.18181818,22.0,0.04744651,1.68776371,,,2023-06-01,2023-11-30
2023-NOVEMBRO-27,completed,1449.0,10426,15455,0.22,–,320.0,1.48235181,37.0,8.64864865,37.0,0.35488203,0.22408964,,,2023-06-01,2023-11-30
2023-NOVEMBRO-28,inactive,1449.0,10426,15455,0.22,Acima da média,320.0,1.48235181,37.0,8.64864865,37.0,0.35488203,0.22408964,,,2023-06-01,2023-11-30
2023-NOVEMBRO-29,completed,1357.0,9168,12764,0.15,–,200.0,1.39223386,19.0,10.52631579,19.0,0.20724258,0.1510574,,,2023-06-01,2023-11-30
2023-NOVEMBRO-30,inactive,1357.0,9168,12764,0.15,–,200.0,1.39223386,19.0,10.52631579,19.0,0.20724258,0.1510574,,,2023-06-01,2023-11-30
2023-NOVEMBRO-31,completed,940.0,3008,4806,0.21,–,200.0,1.59773936,,,,,0.21528525,,,2023-06-01,2023-11-30
2023-NOVEMBRO-32,inactive,940.0,3008,4806,0.21,–,200.0,1.59773936,,,,,0.21528525,,,2023-06-01,2023-11-30
2023-NOVEMBRO-33,completed,1536.0,10355,14530,0.13,–,200.0,1.40318687,30.0,6.66666667,30.0,0.28971511,0.13227513,,,2023-06-01,2023-11-30
2023-NOVEMBRO-34,inactive,1536.0,10355,14530,0.13,–,200.0,1.40318687,30.0,6.66666667,30.0,0.28971511,0.13227513,,,2023-06-01,2023-11-30
2023-JULHO-18,completed,40366.0,70992,111353,0.03,–,1160.0,1.56852885,13.0,89.23076923,13.0,0.01831192,0.2739726,,,2023-06-01,2023-11-30
2023-JULHO-19,completed,1759.0,8926,14892,0.23,–,400.0,1.66838449,3.0,133.33333333,3.0,0.03360968,0.22062879,,,2023-06-01,2023-11-30
2023-JULHO-20,inactive,1759.0,8926,14892,0.23,–,400.0,1.66838449,3.0,133.33333333,3.0,0.03360968,0.22062879,,,2023-06-01,2023-11-30
2023-JULHO-21,completed,1546.0,8280,12779,0.26,–,400.0,1.54335749,9.0,44.44444444,9.0,0.10869565,0.24875622,,,2023-06-01,2023-11-30
2023-JULHO-22,inactive,1546.0,8280,12779,0.26,–,400.0,1.54335749,9.0,44.44444444,9.0,0.10869565,0.24875622,,,2023-06-01,2023-11-30
2023-JULHO-23,completed,37061.0,57152,83682,0.01,–,360.0,1.46420073,1.0,360.0,1.0,0.00174972,0.2318094,,,2023-06-01,2023-11-30
2023-JULHO-24,inactive,37061.0,57152,83682,0.01,–,360.0,1.46420073,1.0,360.0,1.0,0.00174972,0.2318094,,,2023-06-01,2023-11-30
2023-SETEMBRO-24,completed,86772.0,118783,161405,0.01,–,600.0,1.35882239,175.0,3.42857143,175.0,0.14732748,0.41841004,,,2023-06-01,2023-11-30
2023-SETEMBRO-25,completed,29851.0,47616,52400,0.01,–,200.0,1.10047043,88.0,2.27272727,88.0,0.18481183,1.49253731,,,2023-06-01,2023-11-30
2023-SETEMBRO-26,inactive,29851.0,47616,52400,0.01,–,200.0,1.10047043,88.0,2.27272727,88.0,0.18481183,1.49253731,,,2023-06-01,2023-11-30
2023-SETEMBRO-27,completed,25636.0,41623,56105,0.01,–,200.0,1.34793263,,,,,0.17391304,,,2023-06-01,2023-11-30
2023-SETEMBRO-28,inactive,25636.0,41623,56105,0.01,–,200.0,1.34793263,,,,,0.17391304,,,2023-06-01,2023-11-30
2023-SETEMBRO-29,completed,31285.0,49648,52900,0.01,–,200.0,1.06550113,87.0,2.29885057,87.0,0.17523364,1.33333333,,,2023-06-01,2023-11-30
2023-SETEMBRO-30,inactive,31285.0,49648,52900,0.01,–,200.0,1.06550113,87.0,2.29885057,87.0,0.17523364,1.33333333,,,2023-06-01,2023-11-30
RESIDENCIA-MEDICA-2023-1,inactive,679.0,70369,156152,0.73,–,495.47,2.21904532,1058.0,0.46830813,990.0,1.4068695,0.37309488,,,2023-06-01,2023-11-30
RESIDENCIA-MEDICA-2023-2,not_delivering,679.0,70369,156152,0.73,–,495.47,2.21904532,1058.0,0.46830813,990.0,1.4068695,0.37309488,,,2023-06-01,2023-11-30
RESIDENCIA-MEDICA-2023-3,inactive,679.0,70369,156152,0.73,–,495.47,2.21904532,1058.0,0.46830813,990.0,1.4068695,0.37309488,,,2023-06-01,2023-11-30
RESIDENCIA-MEDICA-2023-4,inactive,458735.0,458735,462810,1.05,–,480.61,1.00888312,276.0,1.74134058,275.0,0.05994746,1.12555035,,,2023-06-01,2023-11-30
RESIDENCIA-MEDICA-2023-5,not_delivering,458735.0,458735,462810,1.05,–,480.61,1.00888312,276.0,1.74134058,275.0,0.05994746,1.12555035,,,2023-06-01,2023-11-30
RESIDENCIA-MEDICA-2023-6,inactive,458735.0,458735,462810,1.05,–,480.61,1.00888312,276.0,1.74134058,275.0,0.05994746,1.12555035,,,2023-06-01,2023-11-30
2023-MAIO-1,completed,,0,0,,–,0.0,0.0,,,,,,,,2023-06-01,2023-11-30
2023-MAIO-2,completed,,0,0,,–,0.0,0.0,,,,,,,,2023-06-01,2023-11-30
2023-MAIO-3,inactive,,0,0,,–,0.0,0.0,,,,,,,,2023-06-01,2023-11-30
2023-MAIO-4,completed,,0,0,,–,0.0,0.0,,,,,,,,2023-06-01,2023-11-30
2023-MAIO-5,inactive,,0,0,,–,0.0,0.0,,,,,,,,2023-06-01,2023-11-30
